    No.  A,     A(x),     A(y),     A(z),     No. B,     B(x),     B(y),     B(z),     No. M,     M(x),     M(y),    M(z),     No. N,     N(x),     N(y),    N(z),    current,voltage,App.ch1,App.ch2,App.ch3,App.ch4,App.ch5,App.ch6,App.ch7,App.ch8,App.ch9,App.ch10
1,-0.14,-0.2275,0.01,8,-0.14,0.2275,0.01,2,-0.14,-0.1625,0.01,3,-0.14,-0.0975,0.01,100,5.7717,0.28529,0.22416,0.18511,0.14945,0.12738,0.10531,0.088327,0.075593,0.06201,0.05352
1,-0.14,-0.2275,0.01,8,-0.14,0.2275,0.01,2,-0.14,-0.1625,0.01,4,-0.14,-0.0325,0.01,100,8.5117,0.48229,0.34395,0.27477,0.22866,0.22866,0.18254,0.11337,0.11337,0.09031,0.067252
1,-0.14,-0.2275,0.01,8,-0.14,0.2275,0.01,2,-0.14,-0.1625,0.01,5,-0.14,0.0325,0.01,100,10.449,0.40071,0.32558,0.28801,0.21288,0.1941,0.13775,0.15653,0.13775,0.10018,0.10018
1,-0.14,-0.2275,0.01,8,-0.14,0.2275,0.01,2,-0.14,-0.1625,0.01,6,-0.14,0.0975,0.01,100,13.137,0.41145,0.30687,0.27699,0.21724,0.18736,0.15748,0.14254,0.14254,0.11267,0.11267
1,-0.14,-0.2275,0.01,8,-0.14,0.2275,0.01,2,-0.14,-0.1625,0.01,7,-0.14,0.1625,0.01,100,18.865,0.36195,0.28913,0.24751,0.1955,0.1955,0.15388,0.13308,0.15388,0.12267,0.12267
1,-0.14,-0.2275,0.01,8,-0.14,0.2275,0.01,3,-0.14,-0.0975,0.01,4,-0.14,-0.0325,0.01,100,2.7864,0.82181,0.63541,0.50528,0.41911,0.34701,0.29778,0.25557,0.22392,0.19402,0.17292
1,-0.14,-0.2275,0.01,8,-0.14,0.2275,0.01,3,-0.14,-0.0975,0.01,5,-0.14,0.0325,0.01,100,4.7337,0.57078,0.45796,0.38239,0.32546,0.28406,0.25093,0.22609,0.20539,0.18468,0.16916
1,-0.14,-0.2275,0.01,8,-0.14,0.2275,0.01,3,-0.14,-0.0975,0.01,6,-0.14,0.0975,0.01,100,7.4376,0.49847,0.40228,0.3364,0.29226,0.25669,0.22902,0.20728,0.19015,0.17565,0.16182
1,-0.14,-0.2275,0.01,8,-0.14,0.2275,0.01,3,-0.14,-0.0975,0.01,7,-0.14,0.1625,0.01,100,13.109,0.3562,0.32626,0.2514,0.2514,0.20649,0.17654,0.17654,0.16157,0.16157,0.1466
1,-0.14,-0.2275,0.01,8,-0.14,0.2275,0.01,4,-0.14,-0.0325,0.01,5,-0.14,0.0325,0.01,100,1.9441,0.20982,0.20226,0.19722,0.19974,0.19218,0.18714,0.1821,0.17706,0.17454,0.16698
1,-0.14,-0.2275,0.01,8,-0.14,0.2275,0.01,4,-0.14,-0.0325,0.01,6,-0.14,0.0975,0.01,100,4.646,0.29192,0.25395,0.22864,0.20966,0.19595,0.1854,0.17591,0.16747,0.1622,0.15481
1,-0.14,-0.2275,0.01,8,-0.14,0.2275,0.01,4,-0.14,-0.0325,0.01,7,-0.14,0.1625,0.01,100,10.334,0.21208,0.21208,0.17409,0.19309,0.1551,0.1551,0.11712,0.11712,0.17409,0.13611
1,-0.14,-0.2275,0.01,8,-0.14,0.2275,0.01,5,-0.14,0.0325,0.01,6,-0.14,0.0975,0.01,100,2.6971,0.3526,0.28719,0.24723,0.22179,0.20181,0.18546,0.17456,0.16184,0.16184,0.15094
1,-0.14,-0.2275,0.01,8,-0.14,0.2275,0.01,5,-0.14,0.0325,0.01,7,-0.14,0.1625,0.01,100,8.3934,0.26793,0.19778,0.1744,0.15102,0.15102,0.12763,0.1744,0.12763,0.080866,0.12763
1,-0.14,-0.2275,0.01,57,0.14,-0.2275,0.01,9,-0.1,-0.2275,0.01,17,-0.06,-0.2275,0.01,200,14.538,0.36393,0.33693,0.33693,0.30993,0.29643,0.26943,0.29643,0.28293,0.26943,0.25593
1,-0.14,-0.2275,0.01,57,0.14,-0.2275,0.01,9,-0.1,-0.2275,0.01,25,-0.02,-0.2275,0.01,100,10.964,0.44379,0.35429,0.39009,0.30059,0.30059,0.26478,0.24688,0.28269,0.22898,0.19318
1,-0.14,-0.2275,0.01,57,0.14,-0.2275,0.01,9,-0.1,-0.2275,0.01,33,0.02,-0.2275,0.01,20,2.8294,0.55627,0.5199,0.49565,0.47661,0.45236,0.44024,0.42811,0.4108,0.40214,0.38655
1,-0.14,-0.2275,0.01,57,0.14,-0.2275,0.01,9,-0.1,-0.2275,0.01,41,0.06,-0.2275,0.01,20,3.5967,0.58989,0.54493,0.50951,0.48635,0.46592,0.44548,0.4305,0.41824,0.40189,0.38963
1,-0.14,-0.2275,0.01,57,0.14,-0.2275,0.01,9,-0.1,-0.2275,0.01,49,0.1,-0.2275,0.01,20,4.9796,0.59335,0.54514,0.52939,0.51857,0.49889,0.48413,0.46838,0.45756,0.44674,0.44083
1,-0.14,-0.2275,0.01,57,0.14,-0.2275,0.01,17,-0.06,-0.2275,0.01,25,-0.02,-0.2275,0.01,20,0.74759,0.69584,0.52543,0.44678,0.36813,0.29603,0.26982,0.23049,0.21738,0.17806,0.1584
1,-0.14,-0.2275,0.01,57,0.14,-0.2275,0.01,17,-0.06,-0.2275,0.01,33,0.02,-0.2275,0.01,20,1.3821,0.63091,0.53874,0.47492,0.42883,0.40402,0.38274,0.35793,0.35084,0.32602,0.32247
1,-0.14,-0.2275,0.01,57,0.14,-0.2275,0.01,17,-0.06,-0.2275,0.01,41,0.06,-0.2275,0.01,20,2.1469,0.6556,0.56887,0.51181,0.47529,0.44334,0.4228,0.40454,0.39085,0.37487,0.36802
1,-0.14,-0.2275,0.01,57,0.14,-0.2275,0.01,17,-0.06,-0.2275,0.01,49,0.1,-0.2275,0.01,20,3.5319,0.63297,0.57054,0.5317,0.50534,0.49008,0.47759,0.46788,0.46233,0.45262,0.45123
1,-0.14,-0.2275,0.01,57,0.14,-0.2275,0.01,25,-0.02,-0.2275,0.01,33,0.02,-0.2275,0.01,20,0.6336,0.46014,0.46014,0.4292,0.43694,0.43694,0.42147,0.42147,0.43694,0.43694,0.42147
1,-0.14,-0.2275,0.01,57,0.14,-0.2275,0.01,25,-0.02,-0.2275,0.01,41,0.06,-0.2275,0.01,20,1.3974,0.57857,0.52597,0.49792,0.47337,0.45584,0.44182,0.43831,0.42078,0.41727,0.41376
1,-0.14,-0.2275,0.01,57,0.14,-0.2275,0.01,25,-0.02,-0.2275,0.01,49,0.1,-0.2275,0.01,20,2.782,0.57976,0.54806,0.52693,0.51284,0.50755,0.49874,0.50051,0.49698,0.49698,0.49698
1,-0.14,-0.2275,0.01,57,0.14,-0.2275,0.01,33,0.02,-0.2275,0.01,41,0.06,-0.2275,0.01,20,0.76267,0.70404,0.60767,0.54342,0.52415,0.49845,0.47275,0.45348,0.42778,0.4085,0.40208
1,-0.14,-0.2275,0.01,57,0.14,-0.2275,0.01,33,0.02,-0.2275,0.01,49,0.1,-0.2275,0.01,20,2.1463,0.61508,0.57855,0.55344,0.53746,0.53289,0.52604,0.52832,0.51691,0.51919,0.51919
1,-0.14,-0.2275,0.01,64,0.14,0.2275,0.01,10,-0.1,-0.1625,0.01,19,-0.06,-0.0975,0.01,200,9.3754,0.26516,0.26516,0.26516,0.20236,0.20236,0.16049,0.18143,0.16049,0.16049,0.13956
1,-0.14,-0.2275,0.01,64,0.14,0.2275,0.01,10,-0.1,-0.1625,0.01,28,-0.02,-0.0325,0.01,200,13.39,0.53192,0.45864,0.40001,0.3707,0.34138,0.31207,0.2681,0.25344,0.23879,0.23879
1,-0.14,-0.2275,0.01,64,0.14,0.2275,0.01,10,-0.1,-0.1625,0.01,37,0.02,0.0325,0.01,200,16.586,0.57191,0.53641,0.46542,0.38259,0.38259,0.31159,0.32343,0.28793,0.26426,0.28793
1,-0.14,-0.2275,0.01,64,0.14,0.2275,0.01,10,-0.1,-0.1625,0.01,46,0.06,0.0975,0.01,200,20.635,0.46445,0.38837,0.34081,0.31228,0.27423,0.27423,0.2457,0.21717,0.21717,0.18863
1,-0.14,-0.2275,0.01,64,0.14,0.2275,0.01,10,-0.1,-0.1625,0.01,55,0.1,0.1625,0.01,200,30.878,0.38427,0.308,0.28893,0.24444,0.22537,0.2063,0.19359,0.16817,0.16817,0.15546
1,-0.14,-0.2275,0.01,64,0.14,0.2275,0.01,19,-0.06,-0.0975,0.01,28,-0.02,-0.0325,0.01,200,4.0263,1.0346,0.8703,0.75712,0.6695,0.60743,0.54902,0.5052,0.46504,0.43097,0.40176
1,-0.14,-0.2275,0.01,64,0.14,0.2275,0.01,19,-0.06,-0.0975,0.01,37,0.02,0.0325,0.01,200,7.2414,0.9467,0.81475,0.71393,0.63814,0.57724,0.52988,0.4886,0.45071,0.41958,0.39184
1,-0.14,-0.2275,0.01,64,0.14,0.2275,0.01,19,-0.06,-0.0975,0.01,46,0.06,0.0975,0.01,200,11.246,0.60207,0.47991,0.46246,0.3752,0.3403,0.3054,0.28795,0.25304,0.21814,0.27049
1,-0.14,-0.2275,0.01,64,0.14,0.2275,0.01,19,-0.06,-0.0975,0.01,55,0.1,0.1625,0.01,200,21.475,0.38575,0.33091,0.3035,0.24866,0.24866,0.22124,0.18469,0.18469,0.15727,0.16641
1,-0.14,-0.2275,0.01,64,0.14,0.2275,0.01,28,-0.02,-0.0325,0.01,37,0.02,0.0325,0.01,200,3.2106,0.85216,0.74533,0.65987,0.59577,0.54235,0.49962,0.45994,0.42637,0.3989,0.37448
1,-0.14,-0.2275,0.01,64,0.14,0.2275,0.01,28,-0.02,-0.0325,0.01,46,0.06,0.0975,0.01,200,7.281,0.34826,0.29173,0.25068,0.22242,0.20021,0.18204,0.16723,0.15579,0.14503,0.13695
1,-0.14,-0.2275,0.01,64,0.14,0.2275,0.01,28,-0.02,-0.0325,0.01,55,0.1,0.1625,0.01,200,17.459,0.24778,0.18033,0.18033,0.16909,0.14661,0.12413,0.11288,0.11288,0.10164,0.090401
1,-0.14,-0.2275,0.01,64,0.14,0.2275,0.01,37,0.02,0.0325,0.01,46,0.06,0.0975,0.01,200,4.0689,-0.067537,-0.080783,-0.081988,-0.078375,-0.078375,-0.073558,-0.069945,-0.067537,-0.061516,-0.057903
1,-0.14,-0.2275,0.01,64,0.14,0.2275,0.01,37,0.02,0.0325,0.01,55,0.1,0.1625,0.01,200,14.269,0.11519,0.10144,0.087684,0.087684,0.060175,0.060175,0.046421,0.073929,0.046421,0.032666
2,-0.14,-0.1625,0.01,58,0.14,-0.1625,0.01,10,-0.1,-0.1625,0.01,18,-0.06,-0.1625,0.01,100,5.6512,0.4202,0.39158,0.37164,0.34997,0.33522,0.31788,0.30574,0.29447,0.27973,0.27193
2,-0.14,-0.1625,0.01,58,0.14,-0.1625,0.01,10,-0.1,-0.1625,0.01,26,-0.02,-0.1625,0.01,200,16.544,0.26989,0.2343,0.2343,0.2343,0.18685,0.18685,0.18685,0.17498,0.16312,0.16312
2,-0.14,-0.1625,0.01,58,0.14,-0.1625,0.01,10,-0.1,-0.1625,0.01,34,0.02,-0.1625,0.01,200,20.35,0.57786,0.49106,0.45249,0.42355,0.40426,0.38497,0.3464,0.33675,0.30782,0.27888
2,-0.14,-0.1625,0.01,58,0.14,-0.1625,0.01,10,-0.1,-0.1625,0.01,42,0.06,-0.1625,0.01,200,25.871,0.4931,0.44,0.39448,0.36414,0.34138,0.31862,0.28828,0.29586,0.26552,0.26552
2,-0.14,-0.1625,0.01,58,0.14,-0.1625,0.01,10,-0.1,-0.1625,0.01,50,0.1,-0.1625,0.01,200,38.511,0.35122,0.31045,0.27477,0.26458,0.2391,0.22891,0.21362,0.20343,0.19323,0.18814
2,-0.14,-0.1625,0.01,58,0.14,-0.1625,0.01,18,-0.06,-0.1625,0.01,26,-0.02,-0.1625,0.01,100,2.7492,0.35423,0.29363,0.25977,0.23304,0.21343,0.19739,0.1867,0.17778,0.16887,0.16531
2,-0.14,-0.1625,0.01,58,0.14,-0.1625,0.01,18,-0.06,-0.1625,0.01,34,0.02,-0.1625,0.01,200,9.1925,0.89938,0.77128,0.72858,0.62182,0.57913,0.57913,0.49372,0.47237,0.42967,0.42967
2,-0.14,-0.1625,0.01,58,0.14,-0.1625,0.01,18,-0.06,-0.1625,0.01,42,0.06,-0.1625,0.01,100,7.4899,0.78406,0.65518,0.56817,0.50144,0.44976,0.40462,0.36995,0.34116,0.31369,0.29079
2,-0.14,-0.1625,0.01,58,0.14,-0.1625,0.01,18,-0.06,-0.1625,0.01,50,0.1,-0.1625,0.01,200,27.285,0.35575,0.31259,0.25505,0.24066,0.22628,0.21189,0.19031,0.18312,0.16873,0.16154
2,-0.14,-0.1625,0.01,58,0.14,-0.1625,0.01,26,-0.02,-0.1625,0.01,34,0.02,-0.1625,0.01,100,1.9571,2.1535,1.8305,1.5851,1.3999,1.2496,1.1194,1.0243,0.92416,0.84905,0.77895
2,-0.14,-0.1625,0.01,58,0.14,-0.1625,0.01,26,-0.02,-0.1625,0.01,42,0.06,-0.1625,0.01,200,9.2705,0.83359,0.72774,0.66423,0.57954,0.5372,0.45252,0.45252,0.47369,0.38901,0.36784
2,-0.14,-0.1625,0.01,58,0.14,-0.1625,0.01,26,-0.02,-0.1625,0.01,50,0.1,-0.1625,0.01,200,21.852,0.35514,0.29227,0.26532,0.24736,0.21144,0.22042,0.18449,0.17551,0.17551,0.15755
2,-0.14,-0.1625,0.01,58,0.14,-0.1625,0.01,34,0.02,-0.1625,0.01,42,0.06,-0.1625,0.01,200,5.5337,0.16171,0.1316,0.11212,0.095299,0.078475,0.070506,0.064308,0.057224,0.051911,0.047484
2,-0.14,-0.1625,0.01,58,0.14,-0.1625,0.01,34,0.02,-0.1625,0.01,50,0.1,-0.1625,0.01,200,18.091,0.069611,0.047914,0.047914,0.037065,0.026217,0.026217,0.037065,0.026217,0.026217,0.026217
3,-0.14,-0.0975,0.01,59,0.14,-0.0975,0.01,11,-0.1,-0.0975,0.01,19,-0.06,-0.0975,0.01,20,1.1596,0.52553,0.46638,0.41567,0.38609,0.35229,0.33539,0.31004,0.29313,0.26778,0.25511
3,-0.14,-0.0975,0.01,59,0.14,-0.0975,0.01,11,-0.1,-0.0975,0.01,27,-0.02,-0.0975,0.01,20,1.6574,0.85969,0.73256,0.64683,0.57587,0.5197,0.46945,0.4251,0.38962,0.36597,0.33937
3,-0.14,-0.0975,0.01,59,0.14,-0.0975,0.01,11,-0.1,-0.0975,0.01,35,0.02,-0.0975,0.01,20,1.9936,1.3226,1.1088,0.96379,0.83844,0.79174,0.71309,0.63444,0.58282,0.52629,0.49434
3,-0.14,-0.0975,0.01,59,0.14,-0.0975,0.01,11,-0.1,-0.0975,0.01,43,0.06,-0.0975,0.01,20,2.4865,1.1289,0.96336,0.84513,0.75645,0.68551,0.63231,0.58107,0.53969,0.50816,0.47663
3,-0.14,-0.0975,0.01,59,0.14,-0.0975,0.01,11,-0.1,-0.0975,0.01,51,0.1,-0.0975,0.01,20,3.5701,0.7866,0.68778,0.61916,0.56701,0.53132,0.5025,0.47505,0.45583,0.43799,0.4229
3,-0.14,-0.0975,0.01,59,0.14,-0.0975,0.01,19,-0.06,-0.0975,0.01,27,-0.02,-0.0975,0.01,20,0.49941,1.5715,1.3065,1.1398,1.0024,0.90428,0.81598,0.76692,0.70805,0.64919,0.60013
3,-0.14,-0.0975,0.01,59,0.14,-0.0975,0.01,19,-0.06,-0.0975,0.01,35,0.02,-0.0975,0.01,20,0.83225,2.422,2.0275,1.7508,1.6507,1.4388,1.2857,1.1562,1.0502,0.97954,0.89123
3,-0.14,-0.0975,0.01,59,0.14,-0.0975,0.01,19,-0.06,-0.0975,0.01,43,0.06,-0.0975,0.01,20,1.3235,1.6164,1.3683,1.2091,1.0721,0.98328,0.89442,0.82408,0.77594,0.75373,0.65377
3,-0.14,-0.0975,0.01,59,0.14,-0.0975,0.01,19,-0.06,-0.0975,0.01,51,0.1,-0.0975,0.01,20,2.4012,0.83945,0.73946,0.66804,0.62111,0.58642,0.55785,0.53336,0.51499,0.49867,0.48439
3,-0.14,-0.0975,0.01,59,0.14,-0.0975,0.01,27,-0.02,-0.0975,0.01,35,0.02,-0.0975,0.01,20,0.33347,3.9446,3.3128,2.8426,2.4899,2.2255,1.9904,1.7847,1.623,1.5055,1.3879
3,-0.14,-0.0975,0.01,59,0.14,-0.0975,0.01,27,-0.02,-0.0975,0.01,43,0.06,-0.0975,0.01,20,0.8239,1.6635,1.4137,1.2353,1.1163,1.0212,0.92603,0.86061,0.79519,0.76545,0.73572
3,-0.14,-0.0975,0.01,59,0.14,-0.0975,0.01,27,-0.02,-0.0975,0.01,51,0.1,-0.0975,0.01,20,1.9001,0.66232,0.60043,0.55917,0.52564,0.50501,0.48696,0.47149,0.46633,0.44828,0.45086
3,-0.14,-0.0975,0.01,59,0.14,-0.0975,0.01,35,0.02,-0.0975,0.01,43,0.06,-0.0975,0.01,20,0.48971,0.11131,0.16134,0.17135,0.18135,0.21137,0.21137,0.24139,0.24139,0.2614,0.2614
3,-0.14,-0.0975,0.01,59,0.14,-0.0975,0.01,35,0.02,-0.0975,0.01,51,0.1,-0.0975,0.01,20,1.564,-0.056261,0.003263,0.040858,0.084717,0.10665,0.14111,0.16617,0.1881,0.21003,0.2257
4,-0.14,-0.0325,0.01,60,0.14,-0.0325,0.01,12,-0.1,-0.0325,0.01,20,-0.06,-0.0325,0.01,50,2.8959,0.4419,0.38268,0.34207,0.30484,0.27439,0.24901,0.2304,0.20332,0.1881,0.17287
4,-0.14,-0.0325,0.01,60,0.14,-0.0325,0.01,12,-0.1,-0.0325,0.01,28,-0.02,-0.0325,0.01,100,8.1728,0.4251,0.39092,0.36274,0.34176,0.32258,0.30519,0.2908,0.27641,0.26382,0.25423
4,-0.14,-0.0325,0.01,60,0.14,-0.0325,0.01,12,-0.1,-0.0325,0.01,36,0.02,-0.0325,0.01,100,9.8459,0.53737,0.4975,0.4377,0.3779,0.41777,0.3779,0.35797,0.33804,0.29817,0.29817
4,-0.14,-0.0325,0.01,60,0.14,-0.0325,0.01,12,-0.1,-0.0325,0.01,44,0.06,-0.0325,0.01,200,23.82,0.40099,0.35155,0.34331,0.29387,0.30211,0.25268,0.27739,0.25268,0.24444,0.22796
4,-0.14,-0.0325,0.01,60,0.14,-0.0325,0.01,12,-0.1,-0.0325,0.01,52,0.1,-0.0325,0.01,200,35.122,0.37975,0.32387,0.3127,0.29034,0.26799,0.2624,0.24564,0.23446,0.22888,0.22329
4,-0.14,-0.0325,0.01,60,0.14,-0.0325,0.01,20,-0.06,-0.0325,0.01,28,-0.02,-0.0325,0.01,200,4.784,0.47956,0.37509,0.30544,0.25218,0.21428,0.1856,0.15795,0.13951,0.12415,0.11185
4,-0.14,-0.0325,0.01,60,0.14,-0.0325,0.01,20,-0.06,-0.0325,0.01,36,0.02,-0.0325,0.01,200,8.2061,0.69274,0.57929,0.50226,0.44196,0.39538,0.35896,0.32851,0.30223,0.28134,0.26103
4,-0.14,-0.0325,0.01,60,0.14,-0.0325,0.01,20,-0.06,-0.0325,0.01,44,0.06,-0.0325,0.01,200,12.256,0.52711,0.44704,0.38299,0.35096,0.31894,0.22285,0.22285,0.22285,0.20684,0.19083
4,-0.14,-0.0325,0.01,60,0.14,-0.0325,0.01,20,-0.06,-0.0325,0.01,52,0.1,-0.0325,0.01,200,23.491,0.39859,0.34846,0.30669,0.27327,0.24821,0.2315,0.22314,0.19808,0.18972,0.18972
4,-0.14,-0.0325,0.01,60,0.14,-0.0325,0.01,28,-0.02,-0.0325,0.01,36,0.02,-0.0325,0.01,200,3.4229,1.0071,0.8783,0.78812,0.71654,0.65785,0.61204,0.56909,0.5376,0.5061,0.47747
4,-0.14,-0.0325,0.01,60,0.14,-0.0325,0.01,28,-0.02,-0.0325,0.01,44,0.06,-0.0325,0.01,200,7.5425,0.57388,0.49397,0.4368,0.39328,0.3595,0.33026,0.30557,0.28479,0.26789,0.25035
4,-0.14,-0.0325,0.01,60,0.14,-0.0325,0.01,28,-0.02,-0.0325,0.01,52,0.1,-0.0325,0.01,200,18.728,0.38686,0.33447,0.30303,0.27159,0.27159,0.24015,0.21919,0.21919,0.19823,0.20871
4,-0.14,-0.0325,0.01,60,0.14,-0.0325,0.01,36,0.02,-0.0325,0.01,44,0.06,-0.0325,0.01,200,4.1159,0.15982,0.12768,0.10506,0.090774,0.076489,0.068155,0.058631,0.052679,0.047917,0.043155
4,-0.14,-0.0325,0.01,60,0.14,-0.0325,0.01,36,0.02,-0.0325,0.01,52,0.1,-0.0325,0.01,200,15.317,0.23117,0.19273,0.17991,0.1671,0.1671,0.15429,0.14148,0.14148,0.14148,0.12866
5,-0.14,0.0325,0.01,61,0.14,0.0325,0.01,13,-0.1,0.0325,0.01,21,-0.06,0.0325,0.01,20,1.1062,-0.20265,-0.13621,-0.069765,-0.038758,0.001107,0.014396,0.036544,0.058691,0.076409,0.094127
5,-0.14,0.0325,0.01,61,0.14,0.0325,0.01,13,-0.1,0.0325,0.01,29,-0.02,0.0325,0.01,20,1.5222,0.055258,0.090665,0.11964,0.12929,0.14539,0.16148,0.1647,0.17436,0.17758,0.18401
5,-0.14,0.0325,0.01,61,0.14,0.0325,0.01,13,-0.1,0.0325,0.01,37,0.02,0.0325,0.01,50,4.712,-0.010225,-0.001906,0.005373,0.010572,0.013692,0.017851,0.020971,0.02305,0.02409,0.02617
5,-0.14,0.0325,0.01,61,0.14,0.0325,0.01,13,-0.1,0.0325,0.01,45,0.06,0.0325,0.01,100,11.421,0.11098,0.11098,0.076612,0.059428,0.093796,0.076612,0.076612,0.093796,0.059428,0.059428
5,-0.14,0.0325,0.01,61,0.14,0.0325,0.01,13,-0.1,0.0325,0.01,53,0.1,0.0325,0.01,200,32.465,0.12015,0.089923,0.083878,0.059697,0.059697,0.041561,0.047606,0.029471,0.041561,0.035516
5,-0.14,0.0325,0.01,61,0.14,0.0325,0.01,21,-0.06,0.0325,0.01,29,-0.02,0.0325,0.01,50,1.0462,0.066351,0.061667,0.061667,0.047617,0.056984,0.0523,0.047617,0.056984,0.0523,0.047617
5,-0.14,0.0325,0.01,61,0.14,0.0325,0.01,21,-0.06,0.0325,0.01,37,0.02,0.0325,0.01,200,7.6469,0.2467,0.21658,0.19736,0.18198,0.16981,0.16083,0.15315,0.14481,0.13905,0.13328
5,-0.14,0.0325,0.01,61,0.14,0.0325,0.01,21,-0.06,0.0325,0.01,45,0.06,0.0325,0.01,200,11.56,0.3056,0.27165,0.23769,0.20373,0.18676,0.18676,0.18676,0.1528,0.11885,0.13582
5,-0.14,0.0325,0.01,61,0.14,0.0325,0.01,21,-0.06,0.0325,0.01,53,0.1,0.0325,0.01,20,2.143,0.51407,0.47749,0.45463,0.43862,0.4249,0.41347,0.40661,0.39518,0.39061,0.38603
5,-0.14,0.0325,0.01,61,0.14,0.0325,0.01,29,-0.02,0.0325,0.01,37,0.02,0.0325,0.01,200,3.4908,0.44619,0.40127,0.36758,0.34512,0.32126,0.30161,0.28757,0.27635,0.2609,0.24968
5,-0.14,0.0325,0.01,61,0.14,0.0325,0.01,29,-0.02,0.0325,0.01,45,0.06,0.0325,0.01,200,7.4728,0.44973,0.38547,0.34023,0.30416,0.27531,0.25236,0.23269,0.21499,0.20056,0.18745
5,-0.14,0.0325,0.01,61,0.14,0.0325,0.01,29,-0.02,0.0325,0.01,53,0.1,0.0325,0.01,200,17.159,0.24306,0.19731,0.16299,0.14012,0.11724,0.1058,0.082926,0.082926,0.071488,0.071488
5,-0.14,0.0325,0.01,61,0.14,0.0325,0.01,37,0.02,0.0325,0.01,45,0.06,0.0325,0.01,200,3.9871,0.43172,0.35921,0.30145,0.25721,0.22034,0.19453,0.16995,0.15029,0.13309,0.1208
5,-0.14,0.0325,0.01,61,0.14,0.0325,0.01,37,0.02,0.0325,0.01,53,0.1,0.0325,0.01,200,13.692,0.18634,0.12901,0.11467,0.057336,0.07167,0.043002,0.043002,0.043002,0.057336,0.014334
6,-0.14,0.0975,0.01,62,0.14,0.0975,0.01,14,-0.1,0.0975,0.01,22,-0.06,0.0975,0.01,100,5.087,-0.007064,-0.001284,0.004495,0.014127,0.021833,0.028576,0.033392,0.040135,0.045914,0.046877
6,-0.14,0.0975,0.01,62,0.14,0.0975,0.01,14,-0.1,0.0975,0.01,30,-0.02,0.0975,0.01,200,14.833,0.24864,0.20895,0.22218,0.15602,0.12956,0.12956,0.11633,0.12956,0.11633,0.089863
6,-0.14,0.0975,0.01,62,0.14,0.0975,0.01,14,-0.1,0.0975,0.01,38,0.02,0.0975,0.01,200,18.146,0.24876,0.21631,0.18386,0.17305,0.15142,0.1406,0.11897,0.1406,0.10816,0.097339
6,-0.14,0.0975,0.01,62,0.14,0.0975,0.01,14,-0.1,0.0975,0.01,46,0.06,0.0975,0.01,200,22.338,0.2138,0.19622,0.17865,0.14351,0.12593,0.12593,0.10836,0.10836,0.10836,0.09079
6,-0.14,0.0975,0.01,62,0.14,0.0975,0.01,14,-0.1,0.0975,0.01,54,0.1,0.0975,0.01,200,33.271,0.14993,0.12633,0.11454,0.090941,0.090941,0.090941,0.085042,0.067345,0.067345,0.067345
6,-0.14,0.0975,0.01,62,0.14,0.0975,0.01,22,-0.06,0.0975,0.01,30,-0.02,0.0975,0.01,200,4.7031,0.61491,0.52531,0.45967,0.40758,0.3659,0.32944,0.29923,0.2711,0.25026,0.22838
6,-0.14,0.0975,0.01,62,0.14,0.0975,0.01,22,-0.06,0.0975,0.01,38,0.02,0.0975,0.01,200,8.049,0.50522,0.43156,0.37982,0.33781,0.30433,0.27754,0.2538,0.23371,0.21423,0.20023
6,-0.14,0.0975,0.01,62,0.14,0.0975,0.01,22,-0.06,0.0975,0.01,46,0.06,0.0975,0.01,200,12.192,0.3783,0.33001,0.28171,0.21732,0.23342,0.21732,0.18513,0.16903,0.16903,0.12073
6,-0.14,0.0975,0.01,62,0.14,0.0975,0.01,22,-0.06,0.0975,0.01,54,0.1,0.0975,0.01,200,23.068,0.19887,0.15633,0.13081,0.13081,0.10528,0.088268,0.096776,0.07976,0.062745,0.062745
6,-0.14,0.0975,0.01,62,0.14,0.0975,0.01,30,-0.02,0.0975,0.01,38,0.02,0.0975,0.01,200,3.344,0.34111,0.29129,0.25612,0.23121,0.20923,0.19165,0.17846,0.16527,0.15501,0.14476
6,-0.14,0.0975,0.01,62,0.14,0.0975,0.01,30,-0.02,0.0975,0.01,46,0.06,0.0975,0.01,200,7.5683,0.23167,0.19218,0.16499,0.14686,0.13326,0.12226,0.11578,0.10931,0.10413,0.10024
6,-0.14,0.0975,0.01,62,0.14,0.0975,0.01,30,-0.02,0.0975,0.01,54,0.1,0.0975,0.01,200,18.402,0.066657,0.055992,0.055992,0.023997,0.023997,0.013331,0.013331,0.013331,0.013331,0.002666
6,-0.14,0.0975,0.01,62,0.14,0.0975,0.01,38,0.02,0.0975,0.01,46,0.06,0.0975,0.01,200,4.2262,0.14734,0.11488,0.094009,0.080096,0.069661,0.065024,0.061546,0.061546,0.058067,0.059227
6,-0.14,0.0975,0.01,62,0.14,0.0975,0.01,38,0.02,0.0975,0.01,54,0.1,0.0975,0.01,200,15.082,0.039039,0.013013,-0.013013,0.026026,-0.013013,-0.013013,-0.013013,-0.013013,-0.039039,-0.013013
7,-0.14,0.1625,0.01,63,0.14,0.1625,0.01,15,-0.1,0.1625,0.01,23,-0.06,0.1625,0.01,100,5.7629,0.43044,0.38283,0.35052,0.32076,0.3012,0.2808,0.26294,0.25019,0.23658,0.22553
7,-0.14,0.1625,0.01,63,0.14,0.1625,0.01,15,-0.1,0.1625,0.01,31,-0.02,0.1625,0.01,200,16.422,0.27389,0.23803,0.20218,0.20218,0.20218,0.15437,0.15437,0.16633,0.15437,0.11852
7,-0.14,0.1625,0.01,63,0.14,0.1625,0.01,15,-0.1,0.1625,0.01,39,0.02,0.1625,0.01,200,20.265,0.19046,0.1711,0.14204,0.15173,0.13236,0.12267,0.11299,0.1033,0.11299,0.1033
7,-0.14,0.1625,0.01,63,0.14,0.1625,0.01,15,-0.1,0.1625,0.01,47,0.06,0.1625,0.01,200,25.495,0.13792,0.10713,0.11483,0.084036,0.099432,0.099432,0.084036,0.076338,0.084036,0.06864
7,-0.14,0.1625,0.01,63,0.14,0.1625,0.01,15,-0.1,0.1625,0.01,55,0.1,0.1625,0.01,200,36.842,0.083679,0.073025,0.083679,0.073025,0.078352,0.078352,0.067698,0.083679,0.073025,0.078352
7,-0.14,0.1625,0.01,63,0.14,0.1625,0.01,23,-0.06,0.1625,0.01,31,-0.02,0.1625,0.01,200,4.9856,0.18907,0.17334,0.1586,0.14779,0.13698,0.12617,0.11732,0.11044,0.10258,0.096684
7,-0.14,0.1625,0.01,63,0.14,0.1625,0.01,23,-0.06,0.1625,0.01,39,0.02,0.1625,0.01,200,8.8396,0.046255,0.068458,0.068458,0.024053,0.068458,0.00185,0.00185,0.046255,0.046255,0.046255
7,-0.14,0.1625,0.01,63,0.14,0.1625,0.01,23,-0.06,0.1625,0.01,47,0.06,0.1625,0.01,200,14.044,0.008152,-0.005823,0.022127,-0.005823,-0.005823,-0.005823,0.036102,-0.005823,-0.005823,0.008152
7,-0.14,0.1625,0.01,63,0.14,0.1625,0.01,23,-0.06,0.1625,0.01,55,0.1,0.1625,0.01,200,25.357,-0.006128,-0.006128,0.009353,0.009353,0.024833,0.017093,0.032573,0.040313,0.032573,0.032573
7,-0.14,0.1625,0.01,63,0.14,0.1625,0.01,31,-0.02,0.1625,0.01,39,0.02,0.1625,0.01,200,3.9032,-0.057172,-0.065959,-0.070981,-0.070981,-0.069725,-0.069725,-0.065959,-0.063449,-0.060938,-0.059682
7,-0.14,0.1625,0.01,63,0.14,0.1625,0.01,31,-0.02,0.1625,0.01,47,0.06,0.1625,0.01,200,9.0796,-0.11258,-0.06935,-0.090966,-0.11258,-0.06935,-0.06935,-0.06935,-0.026119,-0.06935,-0.090966
7,-0.14,0.1625,0.01,63,0.14,0.1625,0.01,31,-0.02,0.1625,0.01,55,0.1,0.1625,0.01,200,20.381,-0.087868,-0.039721,-0.030092,-0.020462,-0.001204,-0.001204,0.018055,0.018055,0.018055,0.027684
7,-0.14,0.1625,0.01,63,0.14,0.1625,0.01,39,0.02,0.1625,0.01,47,0.06,0.1625,0.01,200,5.2348,-0.16845,-0.11884,-0.11509,-0.097309,-0.083268,-0.072036,-0.064547,-0.056123,-0.053315,-0.047699
7,-0.14,0.1625,0.01,63,0.14,0.1625,0.01,39,0.02,0.1625,0.01,55,0.1,0.1625,0.01,200,16.488,-0.083817,-0.048108,-0.024302,-0.012399,-0.000496,0.02331,0.02331,0.047116,0.02331,0.059019
8,-0.14,0.2275,0.01,64,0.14,0.2275,0.01,16,-0.1,0.2275,0.01,24,-0.06,0.2275,0.01,100,8.3802,0.39382,0.34295,0.30728,0.27805,0.25466,0.23537,0.22016,0.20613,0.19385,0.18274
8,-0.14,0.2275,0.01,64,0.14,0.2275,0.01,16,-0.1,0.2275,0.01,32,-0.02,0.2275,0.01,200,24.975,0.33235,0.30877,0.26162,0.2459,0.23805,0.21447,0.19875,0.19089,0.17518,0.17518
8,-0.14,0.2275,0.01,64,0.14,0.2275,0.01,16,-0.1,0.2275,0.01,40,0.02,0.2275,0.01,200,30.806,0.30766,0.26306,0.24395,0.22484,0.20573,0.18661,0.17387,0.1675,0.16113,0.14839
8,-0.14,0.2275,0.01,64,0.14,0.2275,0.01,16,-0.1,0.2275,0.01,48,0.06,0.2275,0.01,200,39.983,0.28388,0.25934,0.22989,0.21025,0.19062,0.17589,0.16608,0.14644,0.14644,0.13172
8,-0.14,0.2275,0.01,64,0.14,0.2275,0.01,16,-0.1,0.2275,0.01,56,0.1,0.2275,0.01,200,54.621,0.2379,0.20556,0.19478,0.17322,0.16244,0.15526,0.14807,0.1337,0.1301,0.11932
8,-0.14,0.2275,0.01,64,0.14,0.2275,0.01,24,-0.06,0.2275,0.01,32,-0.02,0.2275,0.01,200,8.4086,0.36299,0.29598,0.25111,0.22488,0.19109,0.17885,0.16195,0.14971,0.1433,0.12582
8,-0.14,0.2275,0.01,64,0.14,0.2275,0.01,24,-0.06,0.2275,0.01,40,0.02,0.2275,0.01,200,14.17,0.25623,0.20083,0.17313,0.15928,0.13158,0.13158,0.10388,0.11773,0.090027,0.11773
8,-0.14,0.2275,0.01,64,0.14,0.2275,0.01,24,-0.06,0.2275,0.01,48,0.06,0.2275,0.01,200,23.293,0.24856,0.19801,0.18958,0.1643,0.14745,0.13903,0.12217,0.11375,0.10532,0.11375
8,-0.14,0.2275,0.01,64,0.14,0.2275,0.01,24,-0.06,0.2275,0.01,56,0.1,0.2275,0.01,200,37.896,0.1886,0.15752,0.14199,0.11609,0.11609,0.11091,0.095378,0.095378,0.08502,0.090199
8,-0.14,0.2275,0.01,64,0.14,0.2275,0.01,32,-0.02,0.2275,0.01,40,0.02,0.2275,0.01,200,5.8514,0.045184,0.05272,0.056907,0.05942,0.05942,0.057745,0.05607,0.054395,0.053558,0.051883
8,-0.14,0.2275,0.01,64,0.14,0.2275,0.01,32,-0.02,0.2275,0.01,48,0.06,0.2275,0.01,200,14.934,0.13854,0.13854,0.15168,0.13854,0.099115,0.11226,0.085972,0.099115,0.085972,0.099115
8,-0.14,0.2275,0.01,64,0.14,0.2275,0.01,32,-0.02,0.2275,0.01,56,0.1,0.2275,0.01,200,29.494,0.13752,0.11756,0.10425,0.097596,0.077633,0.097596,0.077633,0.077633,0.064325,0.077633
8,-0.14,0.2275,0.01,64,0.14,0.2275,0.01,40,0.02,0.2275,0.01,48,0.06,0.2275,0.01,200,9.113,0.26472,0.20011,0.20011,0.15704,0.17857,0.1355,0.1355,0.11396,0.070891,0.11396
8,-0.14,0.2275,0.01,64,0.14,0.2275,0.01,40,0.02,0.2275,0.01,56,0.1,0.2275,0.01,200,23.647,0.14905,0.14075,0.10755,0.10755,0.099251,0.099251,0.066052,0.082652,0.074352,0.074352
9,-0.1,-0.2275,0.01,16,-0.1,0.2275,0.01,10,-0.1,-0.1625,0.01,11,-0.1,-0.0975,0.01,100,4.3323,0.65599,0.5542,0.4886,0.43318,0.38907,0.35288,0.31782,0.29067,0.26353,0.2443
9,-0.1,-0.2275,0.01,16,-0.1,0.2275,0.01,10,-0.1,-0.1625,0.01,12,-0.1,-0.0325,0.01,100,6.4722,0.66395,0.57386,0.50648,0.45197,0.40958,0.37021,0.34901,0.30131,0.28844,0.26422
9,-0.1,-0.2275,0.01,16,-0.1,0.2275,0.01,10,-0.1,-0.1625,0.01,13,-0.1,0.0325,0.01,50,4.1284,0.75175,0.62356,0.53217,0.46096,0.40755,0.36007,0.32328,0.29361,0.26275,0.23901
9,-0.1,-0.2275,0.01,16,-0.1,0.2275,0.01,10,-0.1,-0.1625,0.01,14,-0.1,0.0975,0.01,50,5.1724,0.66581,0.55403,0.4754,0.41287,0.36646,0.32762,0.29067,0.26699,0.24141,0.21867
9,-0.1,-0.2275,0.01,16,-0.1,0.2275,0.01,10,-0.1,-0.1625,0.01,15,-0.1,0.1625,0.01,100,14.779,0.41997,0.38013,0.32701,0.26061,0.24733,0.22077,0.23406,0.18094,0.19422,0.16766
9,-0.1,-0.2275,0.01,16,-0.1,0.2275,0.01,11,-0.1,-0.0975,0.01,12,-0.1,-0.0325,0.01,100,2.1292,0.62058,0.52623,0.46409,0.41346,0.37204,0.34212,0.31221,0.28459,0.26848,0.24317
9,-0.1,-0.2275,0.01,16,-0.1,0.2275,0.01,11,-0.1,-0.0975,0.01,13,-0.1,0.0325,0.01,100,3.9024,0.64124,0.53201,0.46421,0.40519,0.3625,0.32483,0.29219,0.26833,0.24573,0.2269
9,-0.1,-0.2275,0.01,16,-0.1,0.2275,0.01,11,-0.1,-0.0975,0.01,14,-0.1,0.0975,0.01,20,1.1989,0.79376,0.69567,0.61393,0.55671,0.51992,0.47496,0.44635,0.42183,0.40139,0.38096
9,-0.1,-0.2275,0.01,16,-0.1,0.2275,0.01,11,-0.1,-0.0975,0.01,15,-0.1,0.1625,0.01,20,2.1052,0.64832,0.59478,0.55754,0.52728,0.50866,0.49237,0.48073,0.46211,0.45513,0.44815
9,-0.1,-0.2275,0.01,16,-0.1,0.2275,0.01,12,-0.1,-0.0325,0.01,13,-0.1,0.0325,0.01,20,0.35356,0.86156,0.66754,0.59824,0.54281,0.45965,0.40422,0.36264,0.33492,0.32106,0.25177
9,-0.1,-0.2275,0.01,16,-0.1,0.2275,0.01,12,-0.1,-0.0325,0.01,14,-0.1,0.0975,0.01,20,0.77107,0.69505,0.59337,0.52347,0.47899,0.45357,0.42815,0.39638,0.37096,0.35825,0.32648
9,-0.1,-0.2275,0.01,16,-0.1,0.2275,0.01,12,-0.1,-0.0325,0.01,15,-0.1,0.1625,0.01,20,1.6766,0.55308,0.51801,0.49463,0.48002,0.47418,0.46249,0.45956,0.4508,0.44495,0.43618
9,-0.1,-0.2275,0.01,16,-0.1,0.2275,0.01,13,-0.1,0.0325,0.01,14,-0.1,0.0975,0.01,20,0.41753,0.61317,0.51929,0.49582,0.46061,0.46061,0.46061,0.44888,0.43714,0.41367,0.40194
9,-0.1,-0.2275,0.01,16,-0.1,0.2275,0.01,13,-0.1,0.0325,0.01,15,-0.1,0.1625,0.01,20,1.3233,0.4758,0.46839,0.46839,0.46839,0.47209,0.46469,0.4758,0.4758,0.47209,0.4795
17,-0.06,-0.2275,0.01,24,-0.06,0.2275,0.01,18,-0.06,-0.1625,0.01,19,-0.06,-0.0975,0.01,100,3.9917,0.65135,0.54088,0.46723,0.40708,0.36043,0.32483,0.29292,0.26714,0.24504,0.2254
17,-0.06,-0.2275,0.01,24,-0.06,0.2275,0.01,18,-0.06,-0.1625,0.01,20,-0.06,-0.0325,0.01,100,5.808,0.84825,0.69471,0.59769,0.51838,0.4627,0.41208,0.37075,0.33531,0.30494,0.27879
17,-0.06,-0.2275,0.01,24,-0.06,0.2275,0.01,18,-0.06,-0.1625,0.01,21,-0.06,0.0325,0.01,100,7.2611,0.82696,0.68727,0.58808,0.51587,0.45649,0.40723,0.36944,0.33569,0.30465,0.27968
17,-0.06,-0.2275,0.01,24,-0.06,0.2275,0.01,18,-0.06,-0.1625,0.01,22,-0.06,0.0975,0.01,100,9.157,0.67425,0.56708,0.50278,0.43848,0.41705,0.33132,0.33132,0.28845,0.24559,0.24559
17,-0.06,-0.2275,0.01,24,-0.06,0.2275,0.01,18,-0.06,-0.1625,0.01,23,-0.06,0.1625,0.01,50,6.7583,0.65107,0.54304,0.46619,0.40964,0.36686,0.33206,0.30379,0.27913,0.25883,0.24288
17,-0.06,-0.2275,0.01,24,-0.06,0.2275,0.01,19,-0.06,-0.0975,0.01,20,-0.06,-0.0325,0.01,50,0.91623,1.4943,1.1413,0.9916,0.8579,0.72955,0.64933,0.57446,0.51563,0.46215,0.42472
17,-0.06,-0.2275,0.01,24,-0.06,0.2275,0.01,19,-0.06,-0.0975,0.01,21,-0.06,0.0325,0.01,50,1.6462,1.1453,0.93696,0.79112,0.68694,0.60062,0.52919,0.48752,0.43394,0.3893,0.35655
17,-0.06,-0.2275,0.01,24,-0.06,0.2275,0.01,19,-0.06,-0.0975,0.01,22,-0.06,0.0975,0.01,50,2.6177,0.74633,0.61904,0.53106,0.46368,0.41688,0.38131,0.342,0.31767,0.29334,0.27087
17,-0.06,-0.2275,0.01,24,-0.06,0.2275,0.01,19,-0.06,-0.0975,0.01,23,-0.06,0.1625,0.01,50,4.7501,0.5477,0.46415,0.40535,0.36409,0.33108,0.30735,0.28363,0.27022,0.25475,0.2403
17,-0.06,-0.2275,0.01,24,-0.06,0.2275,0.01,20,-0.06,-0.0325,0.01,21,-0.06,0.0325,0.01,50,0.72898,0.83683,0.6688,0.57469,0.50076,0.44698,0.38649,0.3596,0.33272,0.29911,0.27894
17,-0.06,-0.2275,0.01,24,-0.06,0.2275,0.01,20,-0.06,-0.0325,0.01,22,-0.06,0.0975,0.01,50,1.6966,0.39723,0.33947,0.3077,0.27882,0.2586,0.23838,0.22972,0.21528,0.20373,0.20084
17,-0.06,-0.2275,0.01,24,-0.06,0.2275,0.01,20,-0.06,-0.0325,0.01,23,-0.06,0.1625,0.01,20,1.5258,0.61417,0.57564,0.54673,0.54031,0.51783,0.51141,0.50499,0.50177,0.49214,0.50177
17,-0.06,-0.2275,0.01,24,-0.06,0.2275,0.01,21,-0.06,0.0325,0.01,22,-0.06,0.0975,0.01,20,0.38554,0.31826,0.31826,0.33097,0.33097,0.33097,0.34368,0.34368,0.34368,0.36909,0.36909
17,-0.06,-0.2275,0.01,24,-0.06,0.2275,0.01,21,-0.06,0.0325,0.01,23,-0.06,0.1625,0.01,20,1.232,0.49966,0.48772,0.46784,0.46784,0.46386,0.46784,0.46784,0.46784,0.47579,0.47181
25,-0.02,-0.2275,0.01,32,-0.02,0.2275,0.01,26,-0.02,-0.1625,0.01,27,-0.02,-0.0975,0.01,20,0.75911,2.4531,2.0981,1.8399,1.6914,1.4978,1.4203,1.4332,1.1299,1.1492,1.0266
25,-0.02,-0.2275,0.01,32,-0.02,0.2275,0.01,26,-0.02,-0.1625,0.01,28,-0.02,-0.0325,0.01,20,1.1546,2.6749,2.1741,1.9364,1.6945,1.5333,1.3847,1.2871,1.1895,1.1131,1.0367
25,-0.02,-0.2275,0.01,32,-0.02,0.2275,0.01,26,-0.02,-0.1625,0.01,29,-0.02,0.0325,0.01,50,3.5291,1.9781,1.6352,1.3894,1.2089,1.0659,0.94512,0.84793,0.76323,0.69659,0.63133
25,-0.02,-0.2275,0.01,32,-0.02,0.2275,0.01,26,-0.02,-0.1625,0.01,30,-0.02,0.0975,0.01,50,4.4172,1.5037,1.2175,1.0455,0.8969,0.77932,0.68392,0.61736,0.54526,0.4909,0.44099
25,-0.02,-0.2275,0.01,32,-0.02,0.2275,0.01,26,-0.02,-0.1625,0.01,31,-0.02,0.1625,0.01,50,6.472,0.97659,0.8123,0.69722,0.60788,0.54505,0.46858,0.43754,0.39438,0.35956,0.33154
25,-0.02,-0.2275,0.01,32,-0.02,0.2275,0.01,27,-0.02,-0.0975,0.01,28,-0.02,-0.0325,0.01,50,0.97605,2.1091,1.6523,1.3109,1.2557,0.96952,0.84903,0.73357,0.62815,0.55787,0.50264
25,-0.02,-0.2275,0.01,32,-0.02,0.2275,0.01,27,-0.02,-0.0975,0.01,29,-0.02,0.0325,0.01,200,6.2473,1.2539,1.0594,0.92368,0.82329,0.74564,0.68132,0.62799,0.58328,0.54485,0.51034
25,-0.02,-0.2275,0.01,32,-0.02,0.2275,0.01,27,-0.02,-0.0975,0.01,30,-0.02,0.0975,0.01,20,0.99566,1.7952,1.5787,1.4114,1.2933,1.1899,1.1112,1.0324,0.98323,0.92417,0.87496
25,-0.02,-0.2275,0.01,32,-0.02,0.2275,0.01,27,-0.02,-0.0975,0.01,31,-0.02,0.1625,0.01,1,0.092325,5.3127,5.4286,5.4529,5.4542,5.4043,5.438,5.3841,5.3935,5.3598,5.3585
25,-0.02,-0.2275,0.01,32,-0.02,0.2275,0.01,28,-0.02,-0.0325,0.01,29,-0.02,0.0325,0.01,20,0.26478,1.8536,1.6316,1.428,1.317,1.0764,1.2059,1.0764,0.96536,0.98387,0.90985
25,-0.02,-0.2275,0.01,32,-0.02,0.2275,0.01,28,-0.02,-0.0325,0.01,30,-0.02,0.0975,0.01,2,0.064452,2.3053,2.4906,2.4694,2.6026,2.4289,2.8208,2.6181,3.0062,2.3227,1.7608
25,-0.02,-0.2275,0.01,32,-0.02,0.2275,0.01,29,-0.02,0.0325,0.01,30,-0.02,0.0975,0.01,2,0.036433,2.1912,2.403,2.1092,2.8675,2.5635,2.6182,2.6318,2.7787,2.6933,2.4952
25,-0.02,-0.2275,0.01,32,-0.02,0.2275,0.01,29,-0.02,0.0325,0.01,31,-0.02,0.1625,0.01,20,1.1859,-0.006714,0.022209,0.051133,0.063529,0.084189,0.10072,0.11311,0.12964,0.14204,0.14204
33,0.02,-0.2275,0.01,40,0.02,0.2275,0.01,34,0.02,-0.1625,0.01,35,0.02,-0.0975,0.01,50,1.8935,1.7612,1.5102,1.254,1.1298,0.99779,0.90204,0.80888,0.73384,0.67432,0.61221
33,0.02,-0.2275,0.01,40,0.02,0.2275,0.01,34,0.02,-0.1625,0.01,36,0.02,-0.0325,0.01,100,5.4562,1.5366,1.2968,1.1406,1.0076,0.90258,0.81277,0.73374,0.66549,0.60802,0.55593
33,0.02,-0.2275,0.01,40,0.02,0.2275,0.01,34,0.02,-0.1625,0.01,37,0.02,0.0325,0.01,50,3.44,1.9131,1.661,1.4188,1.2721,1.1411,1.0271,0.93309,0.8576,0.78353,0.72371
33,0.02,-0.2275,0.01,40,0.02,0.2275,0.01,34,0.02,-0.1625,0.01,38,0.02,0.0975,0.01,200,16.794,0.76204,0.68023,0.57506,0.51663,0.4582,0.43482,0.37639,0.35302,0.34133,0.32965
33,0.02,-0.2275,0.01,40,0.02,0.2275,0.01,34,0.02,-0.1625,0.01,39,0.02,0.1625,0.01,200,24.936,0.55716,0.46272,0.4155,0.36827,0.33679,0.31318,0.28957,0.27383,0.25022,0.23447
33,0.02,-0.2275,0.01,40,0.02,0.2275,0.01,35,0.02,-0.0975,0.01,36,0.02,-0.0325,0.01,200,3.3427,1.5094,1.2895,1.1297,1.0154,0.92012,0.84243,0.77647,0.72223,0.67386,0.62988
33,0.02,-0.2275,0.01,40,0.02,0.2275,0.01,35,0.02,-0.0975,0.01,37,0.02,0.0325,0.01,200,6.0737,1.1581,0.99273,0.87414,0.78136,0.71037,0.64825,0.59743,0.55467,0.51594,0.47964
33,0.02,-0.2275,0.01,40,0.02,0.2275,0.01,35,0.02,-0.0975,0.01,38,0.02,0.0975,0.01,200,9.4872,0.70767,0.62492,0.52148,0.43874,0.39736,0.39736,0.3353,0.29393,0.27324,0.29393
33,0.02,-0.2275,0.01,40,0.02,0.2275,0.01,35,0.02,-0.0975,0.01,39,0.02,0.1625,0.01,200,17.655,0.3724,0.30571,0.28347,0.23901,0.21677,0.19454,0.17231,0.16119,0.15007,0.13896
33,0.02,-0.2275,0.01,40,0.02,0.2275,0.01,36,0.02,-0.0325,0.01,37,0.02,0.0325,0.01,200,2.7244,0.78534,0.68103,0.60909,0.54974,0.50838,0.46881,0.43464,0.40406,0.37888,0.3591
33,0.02,-0.2275,0.01,40,0.02,0.2275,0.01,36,0.02,-0.0325,0.01,38,0.02,0.0975,0.01,200,6.2012,0.27725,0.23616,0.20376,0.18401,0.16584,0.15003,0.13976,0.1287,0.11843,0.11052
33,0.02,-0.2275,0.01,40,0.02,0.2275,0.01,36,0.02,-0.0325,0.01,39,0.02,0.1625,0.01,200,14.325,0.12559,0.057087,0.084488,0.043386,0.043386,0.043386,0.043386,0.002283,0.057087,0.015984
33,0.02,-0.2275,0.01,40,0.02,0.2275,0.01,37,0.02,0.0325,0.01,38,0.02,0.0975,0.01,200,3.4735,-0.148,-0.13813,-0.12825,-0.1212,-0.11415,-0.11132,-0.10427,-0.098629,-0.092986,-0.085933
33,0.02,-0.2275,0.01,40,0.02,0.2275,0.01,37,0.02,0.0325,0.01,39,0.02,0.1625,0.01,200,11.619,-0.077416,-0.060525,-0.094306,-0.094306,-0.026744,-0.060525,-0.077416,-0.094306,-0.043634,-0.060525
41,0.06,-0.2275,0.01,48,0.06,0.2275,0.01,42,0.06,-0.1625,0.01,43,0.06,-0.0975,0.01,100,4.1853,0.46459,0.39084,0.34049,0.30069,0.27376,0.248,0.2281,0.21054,0.19298,0.1801
41,0.06,-0.2275,0.01,48,0.06,0.2275,0.01,42,0.06,-0.1625,0.01,44,0.06,-0.0325,0.01,200,11.882,0.7123,0.58017,0.54713,0.46455,0.44803,0.415,0.38196,0.36544,0.33241,0.31589
41,0.06,-0.2275,0.01,48,0.06,0.2275,0.01,42,0.06,-0.1625,0.01,45,0.06,0.0325,0.01,200,14.786,0.63214,0.52596,0.45959,0.41977,0.37995,0.36668,0.32686,0.31358,0.28704,0.27376
41,0.06,-0.2275,0.01,48,0.06,0.2275,0.01,42,0.06,-0.1625,0.01,46,0.06,0.0975,0.01,200,18.381,0.5014,0.42665,0.36259,0.37327,0.31988,0.28785,0.27717,0.26649,0.23446,0.23446
41,0.06,-0.2275,0.01,48,0.06,0.2275,0.01,42,0.06,-0.1625,0.01,47,0.06,0.1625,0.01,200,26.422,0.42927,0.36985,0.32528,0.28071,0.25843,0.251,0.23615,0.20643,0.19158,0.19158
41,0.06,-0.2275,0.01,48,0.06,0.2275,0.01,43,0.06,-0.0975,0.01,44,0.06,-0.0325,0.01,200,3.6083,1.2656,1.1027,0.98588,0.89218,0.81885,0.75231,0.70343,0.6559,0.61652,0.57714
41,0.06,-0.2275,0.01,48,0.06,0.2275,0.01,43,0.06,-0.0975,0.01,45,0.06,0.0325,0.01,200,6.5203,0.87643,0.76445,0.68254,0.61791,0.56606,0.52323,0.48565,0.45484,0.42779,0.40073
41,0.06,-0.2275,0.01,48,0.06,0.2275,0.01,43,0.06,-0.0975,0.01,46,0.06,0.0975,0.01,200,10.078,0.5096,0.4317,0.41222,0.39275,0.3538,0.33432,0.33432,0.31485,0.23695,0.21747
41,0.06,-0.2275,0.01,48,0.06,0.2275,0.01,43,0.06,-0.0975,0.01,47,0.06,0.1625,0.01,200,18.132,0.45371,0.39959,0.35629,0.30217,0.28052,0.25887,0.2264,0.23722,0.21558,0.19393
41,0.06,-0.2275,0.01,48,0.06,0.2275,0.01,44,0.06,-0.0325,0.01,45,0.06,0.0325,0.01,200,2.9094,0.38995,0.33269,0.29901,0.27374,0.24848,0.23332,0.2148,0.20133,0.19122,0.17943
41,0.06,-0.2275,0.01,48,0.06,0.2275,0.01,44,0.06,-0.0325,0.01,46,0.06,0.0975,0.01,200,6.5339,0.14202,0.11802,0.10752,0.097771,0.094021,0.088772,0.087272,0.083522,0.082023,0.079773
41,0.06,-0.2275,0.01,48,0.06,0.2275,0.01,44,0.06,-0.0325,0.01,47,0.06,0.1625,0.01,200,14.555,0.23766,0.22417,0.1972,0.17024,0.17024,0.15675,0.12979,0.10282,0.1163,0.14327
41,0.06,-0.2275,0.01,48,0.06,0.2275,0.01,45,0.06,0.0325,0.01,46,0.06,0.0975,0.01,200,3.6209,-0.062418,-0.062418,-0.055652,-0.046179,-0.039413,-0.032647,-0.025881,-0.017761,-0.015055,-0.006935
41,0.06,-0.2275,0.01,48,0.06,0.2275,0.01,45,0.06,0.0325,0.01,47,0.06,0.1625,0.01,200,11.66,0.21881,0.21881,0.16832,0.15149,0.13465,0.10099,0.11782,0.067327,0.11782,0.10099
49,0.1,-0.2275,0.01,56,0.1,0.2275,0.01,50,0.1,-0.1625,0.01,51,0.1,-0.0975,0.01,100,4.663,0.37637,0.31962,0.28284,0.25132,0.2261,0.20613,0.19037,0.17461,0.16305,0.15149
49,0.1,-0.2275,0.01,56,0.1,0.2275,0.01,50,0.1,-0.1625,0.01,52,0.1,-0.0325,0.01,200,13.535,0.39937,0.29787,0.28337,0.28337,0.23987,0.26887,0.19636,0.21086,0.16736,0.19636
49,0.1,-0.2275,0.01,56,0.1,0.2275,0.01,50,0.1,-0.1625,0.01,53,0.1,0.0325,0.01,200,16.972,0.35271,0.31801,0.28332,0.23706,0.23706,0.20237,0.20237,0.16768,0.17924,0.16768
49,0.1,-0.2275,0.01,56,0.1,0.2275,0.01,50,0.1,-0.1625,0.01,54,0.1,0.0975,0.01,200,21.18,0.31506,0.26873,0.25019,0.21313,0.20386,0.18533,0.18533,0.16679,0.15753,0.14826
49,0.1,-0.2275,0.01,56,0.1,0.2275,0.01,50,0.1,-0.1625,0.01,55,0.1,0.1625,0.01,200,30.041,0.33863,0.29943,0.2537,0.22757,0.20797,0.18837,0.16877,0.16224,0.15571,0.15571
49,0.1,-0.2275,0.01,56,0.1,0.2275,0.01,51,0.1,-0.0975,0.01,52,0.1,-0.0325,0.01,200,4.2899,0.4682,0.39739,0.3517,0.31743,0.28774,0.26718,0.24662,0.23405,0.22035,0.21007
49,0.1,-0.2275,0.01,56,0.1,0.2275,0.01,51,0.1,-0.0975,0.01,53,0.1,0.0325,0.01,200,7.7496,0.40495,0.35057,0.312,0.28229,0.26079,0.24182,0.22475,0.21463,0.20262,0.19314
49,0.1,-0.2275,0.01,56,0.1,0.2275,0.01,51,0.1,-0.0975,0.01,54,0.1,0.0975,0.01,200,11.919,0.28815,0.25522,0.20582,0.22229,0.17289,0.15643,0.18936,0.13996,0.15643,0.12349
49,0.1,-0.2275,0.01,56,0.1,0.2275,0.01,51,0.1,-0.0975,0.01,55,0.1,0.1625,0.01,200,20.782,0.34863,0.28253,0.23531,0.20698,0.19753,0.17864,0.15976,0.15976,0.15976,0.15031
49,0.1,-0.2275,0.01,56,0.1,0.2275,0.01,52,0.1,-0.0325,0.01,53,0.1,0.0325,0.01,200,3.4607,0.32819,0.28854,0.25739,0.23757,0.22058,0.20784,0.19085,0.18377,0.17244,0.16678
49,0.1,-0.2275,0.01,56,0.1,0.2275,0.01,52,0.1,-0.0325,0.01,54,0.1,0.0975,0.01,200,7.7028,0.20854,0.18055,0.16338,0.15002,0.13857,0.1303,0.12266,0.11694,0.10994,0.10676
49,0.1,-0.2275,0.01,56,0.1,0.2275,0.01,52,0.1,-0.0325,0.01,55,0.1,0.1625,0.01,200,16.523,0.32071,0.26132,0.21381,0.16629,0.16629,0.15442,0.14254,0.13066,0.11878,0.1069
49,0.1,-0.2275,0.01,56,0.1,0.2275,0.01,53,0.1,0.0325,0.01,54,0.1,0.0975,0.01,200,4.239,0.096952,0.080769,0.07499,0.06921,0.064587,0.063431,0.055339,0.055339,0.055339,0.051871
49,0.1,-0.2275,0.01,56,0.1,0.2275,0.01,53,0.1,0.0325,0.01,55,0.1,0.1625,0.01,200,13.082,0.3038,0.22878,0.22878,0.18378,0.15377,0.15377,0.12377,0.10877,0.12377,0.10877
57,0.14,-0.2275,0.01,64,0.14,0.2275,0.01,58,0.14,-0.1625,0.01,59,0.14,-0.0975,0.01,200,11.757,0.21145,0.14468,0.14468,0.14468,0.094596,0.094596,0.11129,0.077902,0.077902,0.061209
57,0.14,-0.2275,0.01,64,0.14,0.2275,0.01,58,0.14,-0.1625,0.01,60,0.14,-0.0325,0.01,200,16.966,0.2116,0.20003,0.17689,0.14219,0.11905,0.10749,0.13062,0.095918,0.095918,0.095918
57,0.14,-0.2275,0.01,64,0.14,0.2275,0.01,58,0.14,-0.1625,0.01,61,0.14,0.0325,0.01,200,20.893,0.22858,0.2098,0.15343,0.16283,0.13464,0.13464,0.11586,0.12525,0.097069,0.10646
57,0.14,-0.2275,0.01,64,0.14,0.2275,0.01,58,0.14,-0.1625,0.01,62,0.14,0.0975,0.01,200,26.146,0.23333,0.18829,0.16577,0.15826,0.13574,0.12824,0.11322,0.10572,0.10572,0.10572
57,0.14,-0.2275,0.01,64,0.14,0.2275,0.01,58,0.14,-0.1625,0.01,63,0.14,0.1625,0.01,200,38.076,0.22637,0.19028,0.14905,0.14905,0.12843,0.12843,0.10781,0.10781,0.097504,0.087196
57,0.14,-0.2275,0.01,64,0.14,0.2275,0.01,59,0.14,-0.0975,0.01,60,0.14,-0.0325,0.01,200,5.2355,0.27551,0.23245,0.20438,0.18285,0.16413,0.1501,0.13793,0.12857,0.12015,0.11266
57,0.14,-0.2275,0.01,64,0.14,0.2275,0.01,59,0.14,-0.0975,0.01,61,0.14,0.0325,0.01,200,9.136,0.30075,0.25779,0.19334,0.17186,0.21482,0.10741,0.17186,0.12889,0.17186,0.12889
57,0.14,-0.2275,0.01,64,0.14,0.2275,0.01,59,0.14,-0.0975,0.01,62,0.14,0.0975,0.01,200,14.377,0.25709,0.24344,0.17518,0.17518,0.16153,0.14788,0.14788,0.14788,0.10693,0.10693
57,0.14,-0.2275,0.01,64,0.14,0.2275,0.01,59,0.14,-0.0975,0.01,63,0.14,0.1625,0.01,200,26.307,0.23874,0.20143,0.16413,0.15667,0.14921,0.12683,0.11937,0.11191,0.11191,0.089526
57,0.14,-0.2275,0.01,64,0.14,0.2275,0.01,60,0.14,-0.0325,0.01,61,0.14,0.0325,0.01,200,3.9587,0.3293,0.28474,0.25379,0.2278,0.208,0.18819,0.17581,0.16467,0.15106,0.14858
57,0.14,-0.2275,0.01,64,0.14,0.2275,0.01,60,0.14,-0.0325,0.01,62,0.14,0.0975,0.01,200,9.1728,0.26656,0.20237,0.22377,0.18097,0.15958,0.13818,0.18097,0.11679,0.18097,0.09539
57,0.14,-0.2275,0.01,64,0.14,0.2275,0.01,60,0.14,-0.0325,0.01,63,0.14,0.1625,0.01,200,21.112,0.22001,0.20141,0.16423,0.15493,0.13634,0.13634,0.12704,0.099157,0.10845,0.089861
57,0.14,-0.2275,0.01,64,0.14,0.2275,0.01,61,0.14,0.0325,0.01,62,0.14,0.0975,0.01,200,5.2717,0.16727,0.14124,0.12637,0.11522,0.10592,0.10035,0.09291,0.089192,0.087333,0.083615
57,0.14,-0.2275,0.01,64,0.14,0.2275,0.01,61,0.14,0.0325,0.01,63,0.14,0.1625,0.01,200,17.176,0.18759,0.18759,0.14188,0.14188,0.1076,0.1076,0.1076,0.096173,0.096173,0.061894
